{
  "experiment_started": "2020-06-30_18-27-12",
  "train_loss": [
    0.09266973286867142,
    0.05898188054561615,
    0.05220815911889076,
    0.047503512352705,
    0.04481596499681473,
    0.04240380972623825,
    0.041481658816337585,
    0.039582885801792145,
    0.03848758712410927,
    0.038167718797922134,
    0.03684822842478752,
    0.03548625484108925,
    0.03493090346455574,
    0.03450135886669159,
    0.034485116600990295,
    0.033409371972084045,
    0.033293016254901886,
    0.03283315524458885,
    0.03280547633767128,
    0.031920041888952255,
    0.032474931329488754,
    0.032074831426143646,
    0.031777460128068924,
    0.03186693787574768,
    0.03129652887582779,
    0.031225470826029778,
    0.030798422172665596,
    0.031253498047590256,
    0.03045710362493992,
    0.030512254685163498,
    0.03072100505232811,
    0.031067591160535812,
    0.02995791658759117,
    0.030045242980122566,
    0.030348578467965126,
    0.030747128650546074,
    0.029907740652561188,
    0.02953004650771618,
    0.029905032366514206,
    0.029738308861851692,
    0.02967032790184021,
    0.029838182032108307,
    0.0292169451713562,
    0.02953735925257206,
    0.029028229415416718,
    0.02923760749399662,
    0.029480891302227974,
    0.029068168252706528,
    0.029399212449789047,
    0.028848746791481972,
    0.02894117683172226,
    0.028974119573831558,
    0.02878745086491108,
    0.02872113138437271,
    0.02822490781545639,
    0.02897072769701481,
    0.028332898393273354,
    0.0284402035176754,
    0.028095243498682976,
    0.028712136670947075,
    0.028310192748904228,
    0.02803090400993824,
    0.02823547087609768,
    0.02848209999501705,
    0.02805631048977375,
    0.028184182941913605,
    0.028151685371994972,
    0.02818615920841694,
    0.02791036292910576,
    0.02826268970966339,
    0.027661776170134544,
    0.027967194095253944,
    0.02814297378063202,
    0.027869386598467827,
    0.02780146710574627,
    0.027654064819216728,
    0.027822423726320267,
    0.027695439755916595,
    0.027617016807198524,
    0.027520764619112015
  ],
  "valid_loss": [
    0.2513538599014282,
    0.07036887109279633,
    0.05710877478122711,
    0.0504065677523613,
    0.053096529096364975,
    0.043356962502002716,
    0.04109600558876991,
    0.039274681359529495,
    0.04003758728504181,
    0.036369241774082184,
    0.03660387918353081,
    0.035204172134399414,
    0.03440415859222412,
    0.03200070932507515,
    0.033752284944057465,
    0.03605104237794876,
    0.03250741958618164,
    0.03543471172451973,
    0.03283727541565895,
    0.03203408047556877,
    0.03222358599305153,
    0.03052746132016182,
    0.03228233754634857,
    0.029547855257987976,
    0.03052704595029354,
    0.03045918606221676,
    0.034445371478796005,
    0.032313041388988495,
    0.03048664890229702,
    0.03006673790514469,
    0.03228919208049774,
    0.03081533871591091,
    0.029158566147089005,
    0.029699718579649925,
    0.031045326963067055,
    0.029258165508508682,
    0.031246384605765343,
    0.030745994299650192,
    0.03361980989575386,
    0.02890782430768013,
    0.02822292596101761,
    0.028746703639626503,
    0.027252046391367912,
    0.03017142042517662,
    0.027057385072112083,
    0.0289249699562788,
    0.030262168496847153,
    0.028209319338202477,
    0.02799084596335888,
    0.03031296096742153,
    0.02774457074701786,
    0.027530882507562637,
    0.035414814949035645,
    0.028857972472906113,
    0.026170814409852028,
    0.028709441423416138,
    0.027648240327835083,
    0.027046557515859604,
    0.02672792412340641,
    0.02778012678027153,
    0.028101567178964615,
    0.02727748267352581,
    0.027145160362124443,
    0.029488250613212585,
    0.029163088649511337,
    0.026438899338245392,
    0.026544172316789627,
    0.027510305866599083,
    0.027465131133794785,
    0.027519358322024345,
    0.027636567130684853,
    0.027016228064894676,
    0.03065219707787037,
    0.02977808564901352,
    0.029108749702572823,
    0.028705976903438568,
    0.026801392436027527,
    0.028036296367645264,
    0.02745460718870163,
    0.027822230011224747
  ]
}
